{"cameraMode":{"drawMode":0,"name":"Shaded","section":"Shading Mode"},"sceneLighting":true,"audioPlay":false,"sceneViewState":{"m_AlwaysRefresh":false,"showFog":true,"showSkybox":true,"showFlares":true,"showImageEffects":true,"showParticleSystems":true,"showVisualEffectGraphs":true,"m_FxEnabled":true},"in2DMode":false,"pivot":{"x":-32.552433013916019,"y":-18.189800262451173,"z":23.57960319519043},"rotation":{"x":0.19329826533794404,"y":-0.40381279587745669,"z":0.08771764487028122,"w":0.8898682594299316},"size":25.633100509643556,"orthographic":false}